<beans xmlns="http://www.springframework.org/schema/beans"
       xmlns:xsi="http://www.w3.org/2001/XMLSchema-instance"
       xsi:schemaLocation="http://www.springframework.org/schema/beans
       https://www.springframework.org/schema/beans/spring-beans.xsd">

    <bean id="country1" class="com.cognizant.springlearn.model.Country">
        <property name="code" value="IN"/>
        <property name="name" value="India"/>
    </bean>

    <bean id="country2" class="com.cognizant.springlearn.model.Country">
        <property name="code" value="US"/>
        <property name="name" value="United States"/>
    </bean>

    <bean id="country3" class="com.cognizant.springlearn.model.Country">
        <property name="code" value="FR"/>
        <property name="name" value="France"/>
    </bean>

    <bean id="countryList" class="java.util.ArrayList">
        <constructor-arg>
            <list>
                <ref bean="country1"/>
                <ref bean="country2"/>
                <ref bean="country3"/>
            </list>
        </constructor-arg>
    </bean>

</beans>
