<?xml version="1.0" encoding="UTF-8"?>
<beans xmlns="http://www.springframework.org/schema/beans"
       xmlns:xsi="http://www.w3.org/2001/XMLSchema-instance"
       xsi:schemaLocation="http://www.springframework.org/schema/beans
       https://www.springframework.org/schema/beans/spring-beans.xsd">

    <!-- Date format bean -->
    <bean id="dateFormat" class="java.text.SimpleDateFormat">
        <constructor-arg value="dd/MM/yyyy" />
    </bean>

    <!-- Single country bean -->
    <bean id="country" class="com.cognizant.springlearn.model.Country">
        <property name="code" value="IN"/>
        <property name="name" value="India"/>
    </bean>

    <!-- List of countries -->
    <bean id="countryList" class="java.util.ArrayList">
        <constructor-arg>
            <list>
                <bean class="com.cognizant.springlearn.model.Country">
                    <property name="code" value="IN"/>
                    <property name="name" value="India"/>
                </bean>
                <bean class="com.cognizant.springlearn.model.Country">
                    <property name="code" value="US"/>
                    <property name="name" value="United States"/>
                </bean>
                <bean class="com.cognizant.springlearn.model.Country">
                    <property name="code" value="JP"/>
                    <property name="name" value="Japan"/>
                </bean>
                <!-- Add more countries here -->
            </list>
        </constructor-arg>
    </bean>

</beans>
